DROP DATABASE IF EXISTS Book_Insights_Project;
CREATE DATABASE Book_Insights_Project;
USE Book_Insights_Project;


CREATE TABLE Books (
Book_ID INT NOT NULL AUTO_INCREMENT,
Title VARCHAR(100) NOT NULL, 
Author VARCHAR(50) NOT NULL,
Genre VARCHAR(50),
Price INT,
Published_YEAR YEAR,
Format ENUM('Paperback', 'Hardcover', 'eBook'),
PRIMARY KEY (Book_ID)
);

CREATE TABLE Customers (
Customer_ID INT NOT NULL AUTO_INCREMENT,
First_Name VARCHAR(50),
Last_Name VARCHAR(50),
Email VARCHAR(100),
Phone_Number TEXT,
Age INT,
Gender ENUM('Male', 'Female'),
State VARCHAR(50),
PRIMARY KEY (Customer_ID)
);

CREATE TABLE Purchases (
Purchase_ID INT NOT NULL AUTO_INCREMENT,
Customer_ID INT,
Book_ID INT, 
Purchased_Date DATE,
Quantity INT,
Total_Amount REAL,
PRIMARY KEY (Purchase_ID),
FOREIGN KEY (Book_ID) REFERENCES Books(Book_ID),
FOREIGN KEY (Customer_ID) REFERENCES Customers(Customer_ID)
);

INSERT INTO Books (Book_ID, Title, Author, Genre, Price, Published_Year, Format) VALUES
(1, 'First-Time Caller (Heartstrings, #1)', 'B.K. Borison', 'Romance', 26.08, 2025, 'Paperback'),
(2, 'The Coven', 'Harper L. Woods', 'Paranormal Romance', 15.89, 2023, 'eBook'),
(3, 'My Funny Demon Valentine (Hell Bent, #1)', 'Aurora Ascher', 'Paranormal Romance', 10.66, 2021, 'eBook'),
(4, 'The Carver (Fifth Republic #2)', 'Penelope Sky', 'Dark Romance', 25.73, 2025, 'eBook'),
(5,	'The Butcher (Fifth Republic, #1)',	'Penelope Sky',	'Dark Romance',	29.79, 2025, 'eBook'),
(6,	'Carnal Urges (Queens & Monsters, #2)',	'J.T. Geissinger',	'Dark Romance', 23.26,	2021, 'eBook'),
(7, 'Airpeen',	'Holly  Wilde',	'Paranormal Romance', 23, 2024,	'eBook'),
(8, 'King of Envy (Kings of Sin, #5)',	'Ana Huang', 'Romance',	17.89,	2025, 'Paperback'),
(9, 'Phantasma (Wicked Games, #1)',	'Kaylie Smith',	'Fantasy',	21.1, 2024, 'eBook'),
(10, 'Wild and Wrangled (Rebel Blue Ranch, #4)', 'Lyla Sage', 'Romance', 26.4, 2025, 'Paperback'),
(11, 'Excuse Me While I Ugly Cry',	'Joya Goffney',	'Romance',	26.42,	2021,	'eBook'),
(12, 'Off to the Races (Gold Rush Ranch, #1)', 'Elsie Silver', 'Romance', 28.67, 2024, 'Paperback'),
(13, 'Sinner (Priest, #2)',	'Sierra Simone', 'Dark Romance', 18.53, 2018, 'eBook'),
(14, 'Lost and Lassoed (Rebel Blue Ranch, #3)', 'Lyla Sage', 'Romance',	9.38, 2024, 'Paperback'),
(15, 'Deep End', 'Ali Hazelwood', 'Romance', 11.43, 2025, 'Paperback'),
(16, 'Carnage Island (Reject Island)', 'Lexi C. Foss',	'Paranormal Romance', 11.45, 2021, 'eBook'),
(17, 'The Piece That Fits (Offstage, #1)', 'N.J. Gray',	'Romance', 6.77, 2021,	'eBook'),
(18, 'Onyx Storm (The Empyrean, #3)', 'Rebecca Yarros',	'Romantasy', 26.43,	2025, 'Hardcover'),
(19, 'Swift and Saddled (Rebel Blue Ranch, #2)', 'Lyla Sage', 'Romance', 19.31,	2024, 'Paperback'),
(20, 'Done and Dusted (Rebel Blue Ranch, #1)', 'Lyla Sage', 'Romance', 15.74, 2023, 'Paperback'),
(21, 'Morning Glory Milking Farm (Cambric Creek, #1)', 'C.M. Nascosta',	'Paranormal Romance', 12.36, 2021, 'eBook'),
(22, 'Beneath the Stars (Sugarlake, #1)', 'Emily McIntire',	'Romance', 21.34, 2020, 'Paperback'),
(23, 'Pay-Per-Heart', 'Grace McGinty',	'Romance',	6.17,	2023,	'eBook'),
(24, 'Pounded by Produce',	'G.M. Fairy', 'Paranormal Romance',	18.64,	2025, 'eBook'),
(25, 'Nero (Alliance, #1)',	'S.J. Tilly', 'Dark Romance', 19.32, 2023, 'ebook'),
(26, 'Wyatt (Lucky River Ranch, #2)',	'Jessica  Peterson', 'Romance',	7.29,	2024, 'Paperback'),
(27, 'Cash (Lucky River Ranch, #1)', 'Jessica  Peterson', 'Romance',	16.11, 2024, 'Paperback'),
(28, 'Latte Darling (Darling, #2)',	'S.J. Tilly',	'Romance',	11.54,	2023, 'eBook'),
(29, 'Smoky Darling (Darling, #1)',	'S.J. Tilly', 'Romance', 17.78, 2023, 'eBook'),
(30, 'The Striker (Gods of the Game, #1)',	'Ana Huang', 'Romance',	15.63,	2024, 'eBook'),
(31, 'Snowed In', 'Navessa Allen',	'Romance',	13.19,	2020,	'Paperback'),
(32, 'Pucking Around (Jacksonville Rays, #1)',	'Emily Rath', 'Romance', 19.04,	2023, 'eBook'),
(33, 'That One Night (Jacksonville Rays, #0.5)', 'Emily Rath',	'Romance',	21.68,	2023, 'eBook'),
(34, 'Reborn (Shadow Beast Shifter, #3)', 'Jaymin Eve',	'Paranormal Romance',	25.57,	2021, 'eBook'),
(35, 'Caught Up (Into Darkness, #2)', 'Navessa Allen',	'Dark Romance',	14.94,	2025, 'Paperback'),
(36, 'Lights Out (Into Darkness, #1)', 'Navessa Allen',	'Dark Romance',	17.05,	2024,	'Paperback'),
(37, 'Reclaimed (Shadow Beast Shifters, #2)', 'Jaymin Eve', 'Paranormal Romance', 13.69, 2021,	'eBook'),
(38, 'Rejected (Shadow Beast Shifters, #1)', 'Jaymin Eve',	'Paranormal Romance',	15.96,	2020,	'eBook'),
(39, 'The Tyrant Alpha''s Rejected Mate (Five Packs, #1)', 'Cate C. Wells',	'Paranormal Romance', 15.17, 2021, 'eBook'),
(40, 'Take My Daddy, I''ll Take Yours', 'Jenika Snow', 'Romance', 10.19, 2023, 'eBook'),
(41, 'Highest Bidder (Salacious Players Club, #5)',	'Sara Cate', 'Romance',	6.71, 2023,	'eBook'),
(42, 'The Perfect Fit',	'Sadie Kincaid', 'Romance',	18, 2023, 'eBook'),
(43, 'Don''t Call Me Daddy (Ashford Falls #1)',	'Jeré Anthony', 'Romance',	20.14,	2024, 'eBook'),
(44, 'Icebreaker (UCMH, #1)', 'Hannah Grace', 'Romance', 7.1, 2022,	'eBook'),
(45, 'Taken by my TBR: A Sentient Object Story', 'Holly Wilde', 'Paranormal Romance', 16.22, 2024, 'eBook'),
(46, 'Love and Other Conspiracies',	'Mallory Marlowe',	'Romance',	26.75,	2024, 'Paperback'),
(47, 'Tackled in the Stacks (Love Letters #0.5)', 'S.J. Tilly', 'Romance', 24.86, 2024, 'eBook'),
(48, 'Dear Rosie, (Love Letters #2)', 'S.J. Tilly', 'Romance',	16.35,	2024,	'eBook'),
(49, 'Love, Utley (Love Letters, #1)',	'S.J. Tilly', 'Romance',	21.87,	2024,	'eBook'),
(50, 'The Rycke (Monstrous, #3)', 'Lily Mayne', 'Paranormal Romance',	12.13, 2021, 'eBook'),
(51, 'Edin (Monstrous, #2)', 'Lily Mayne', 'Paranormal Romance', 20.77,	2021, 'eBook'),
(52, 'A Novel Love Story', 'Ashley Poston',	'Romance',	24.99,	2024,	'Paperback'),
(53, 'Stuffed by the Were-Turkey (Shifter Holiday Erotica)', 'Tate McKirk',	'Paranormal Romance', 13.79,	2015,	'eBook'),
(54, 'Soul Eater (Monstrous, #1)',	'Lily Mayne', 'Paranormal Romance',	12.11,	2021,	'eBook'),
(55, 'The Morning Wood Tree', 'Siggy Shade', 'Paranormal Romance',	12.96,	2023,	'eBook'),
(56, 'Hopeless (Chestnut Springs, #5)',	'Elsie Silver',	'Romance',	27.43,	2023,	'Paperback'),
(57, 'Impromptu Match (Goliaths of Wrestling, #1)',	'Lily Mayne', 'Paranormal Romance', 9.65, 2024, 'eBook'),
(58, 'Pole Position', 'Rebecca J. Caffery',	'Romance', 20.43, 2024, 'Paperback'),
(59, 'Morbidly Yours (Love in Galway, #1)',	'Ivy Fairbanks', 'Romance',	23.33,	2023, 'Paperback'),
(60, 'King of Wrath (Kings of Sin, #1)', 'Ana Huang', 'Romance', 12.32,	2022, 'Paperback'),
(61, 'Breeding with Bigfoot', 'Siggy Shade',	'Paranormal Romance',	12.96,	2023,	'eBook'),
(62, 'Jack''s Head', 'Siggy Shade', 'Paranormal Romance',	7.63,	2022, 'eBook'),
(63, 'Get in My Swamp (Get in My Swamp #1)', 'G.M. Fairy', 'Paranormal Romance', 7.37,	2023, 'eBook'),
(64, 'Rosaline Palmer Takes the Cake (Winner Bakes All, #1)', 'Alexis  Hall', 'Romance',	11.48,	2021, 'Paperback'),
(65, 'Powerless  (Chestnut Springs, #3)', 'Elsie Silver', 'Romance', 8.7, 2023, 'Paperback'),
(66, 'Heartless (Chestnut Springs, #2)', 'Elsie Silver', 'Romance',	18.11,	2023, 'Paperback'),
(67, 'Flawless (Chestnut Springs, #1)',	'Elsie Silver',	'Romance',	25.07,	2022, 'Paperback'),
(68, 'Just for the Summer (Part of Your World, #3)', 'Abby Jimenez', 'Romance',	21.81,	2024,	'Paperback'),
(69, 'Empire of the Vampire (Empire of the Vampire, #1)', 'Jay Kristoff',	'Fantasy',	8.48,	2021,	'Paperback'),
(70, 'You, with a View', 'Jessica  Joyce', 'Romance', 6.39,	2023, 'Paperback'),
(71, 'Children of Blood and Bone (Legacy of Orïsha, #1)', 'Tomi Adeyemi', 'Fantasy', 21.91, 2018, 'Hardcover'),
(72, 'Carnal Desire', 'M.  James', 'Dark Romance', 9.57, 2024, 'eBook'),
(73, 'The Soulmate Equation', 'Christina Lauren', 'Romance', 14.48,	2022, 'Paperback'),
(74, 'The True Love Experiment', 'Christina Lauren', 'Romance',	27.5, 2023, 'Hardcover'),
(75, 'Mixed Signals (Lovelight, #3)', 'B.K. Borison', 'Romance', 11.71,	2022, 'Paperback'),
(76, 'Love Unwritten (Lakefront Billionaires, #2)',	'Lauren Asher',	'Romance',	27.32, 2024, 'Paperback'),
(77, 'Love Redesigned (Lakefront Billionaires, #1)', 'Lauren Asher', 'Romance',	14.3, 2023, 'Paperback'),
(78, 'Wild Love (Rose Hill, #1)', 'Elsie Silver', 'Romance', 14.73,	2024, 'Paperback'),
(79, 'Business Not As Usual', 'Sharon C. Cooper', 'Romance', 29.82, 2022, 'Paperback'),
(80, 'Half a Soul (Regency Faerie Tales, #1)', 'Olivia Atwater', 'Romance', 18.93, 2022, 'Paperback'),
(81, 'Archer''s Voice', 'Mia Sheridan', 'Romance', 24.69, 2016, 'Paperback'),
(82, 'Torn', 'Carian Cole', 'Romance', 19.56, 2024, 'Paperback'),
(83, 'From Blood and Ash (Blood and Ash, #1)', 'Jennifer L. Armentrout', 'Romantasy', 28.58, 2020, 'Hardcover'),
(84, 'Divine Rivals (Letters of Enchantment, #1)',	'Rebecca Ross',	'Romantasy', 17, 2023, 'Hardcover'),
(85, 'Tangled Up in You (Meant to Be, #4)',	'Christina Lauren',	'Romance',	28.31,	2024, 'Paperback'),
(86, 'Pen Pal',	'J.T. Geissinger',	'Dark Romance',	10.02,	2022, 'Paperback'),
(87, 'A Court of Thorns and Roses (A Court of Thorns and Roses, #1)', 'Sarah J. Maas', 'Romantasy',	19.75,	2020,	'Paperback'),
(88, 'A Little Life', 'Hanya Yanagihara', 'Literary Fiction',	22.02,	2015, 'Paperback'),
(89, 'A Fate Inked in Blood (Saga of the Unfated, #1)',	'Danielle L. Jensen', 'Romantasy', 6.21,	2024,	'Hardcover'),
(90, 'The Serpent and the Wings of Night (Crowns of Nyaxia, #1)', 'Carissa Broadbent', 'Romantasy',	23.36,	2022,	'Hardcover'),
(91, 'Crave (Crave, #1)',	'Tracy Wolff',	'Paranormal Romance', 27.74, 2020, 'Paperback'),
(92, 'Truly, Madly, Deeply', 'Alexandria Bellefleur', 'Romance', 22.26,	2024, 'Paperback'),
(93, 'Circe', 'Madeline Miller', 'Fantasy',	29.78,	2018, 'Paperback'),
(94, 'With the Fire on High', 'Elizabeth Acevedo', 'Romance',	22.06,	2019, 'Hardcover'),
(95, 'The Proposal (The Wedding Date, #2)',	'Jasmine Guillory',	'Romance',	22.19,	2018, 'Paperback'),
(96, 'Home Is Not a Country', 'Safia Elhillo', 'Contemporary Fiction',	28.38,	2021, 'Hardcover'),
(97, 'The Prince and the Dressmaker', 'Jen Wang', 'Graphic Novel', 24.65, 2018, 'Paperback'),
(98, 'A Lot Like Adios (Primas of Power, #2)', 'Alexis Daria',	'Romance', 	20.29,	2021, 'Paperback'),
(99, 'You Had Me at Hola (Primas of Power, #1)', 'Alexis Daria', 'Romance',	24.57,	2020, 'Paperback'),
(100, 'Honey & Spice', 'Bolu Babalola', 'Romance', 15.67,	2022, 'Hardcover'),
(101, 'The Fabric of Our Souls', 'K.M. Moronova', 'Dark Romance', 25.29, 2023,	'eBook'),
(102, 'Better Than Fiction', 'Alexa  Martin', 'Romance', 13.15,	2022, 'Paperback'),
(103, 'Grown', 'Tiffany D. Jackson', 'Contemporary Fiction', 6.22,	2020, 'Hardcover'),
(104, 'The Graham Effect (Campus Diaries, #1)',	'Elle Kennedy',	'Romance', 	15.62,	2023, 'Paperback'),
(105, 'Once You''re Mine (Possessing Her, #1)', 'Morgan Bridges', 'Dark Romance',	13.44,	2023, 'eBook'),
(106, 'Give Me More (Salacious Players Club, #3)',	'Sara Cate', 'Romance',	28.16,	2022, 'eBook'),
(107, 'Praise (Salacious Players Club, #1)', 'Sara Cate', 'Romance', 17.42,	2022, 'eBook'),
(108, 'Hook, Line, and Sinker (Bellinger Sisters, #2)',	'Tessa Bailey',	'Romance',	15.68,	2022, 'Paperback'),
(109, 'The Bride Test (The Kiss Quotient, #2)',	'Helen Hoang',	'Romance',	12.01,	2019,	'Paperback'),
(110, 'The Heart Principle (The Kiss Quotient, #3)', 'Helen Hoang',	'Romance', 	14.73,	2021,	'Paperback'),
(111, 'Bride (Bride, #1)',	'Ali Hazelwood', 'Romance',	7.2, 2024, 'Paperback'),
(112, 'The Worst Best Man',	'Lucy Score', 'Romance',	29.75,	2018, 'Paperback'),
(113, 'King of Sloth (Kings of Sin, #4)', 'Ana Huang',	'Romance',	15.56,	2024, 'Paperback'),
(114, 'King of Greed (Kings of Sin, #3)', 'Ana Huang', 'Romance',	17.64,	2023, 'Paperback'),
(115, 'King of Pride (Kings of Sin, #2)', 'Ana Huang', 'Romance',	18.2,	2023, 'Paperback'),
(116, 'Twisted Lies (Twisted, #4)',	'Ana Huang', 'Romance',	18.49,	2022, 'Paperback'),
(117, 'Twisted Hate (Twisted, #3)',	'Ana Huang', 'Romance',	13.46,	2022, 'Paperback'),
(118, 'Twisted Games (Twisted, #2)', 'Ana Huang', 'Romance', 28.23,	2021, 'Paperback'),
(119, 'Twisted Love (Twisted, #1)',	'Ana Huang', 'Romance',	22.35,	2021, 'eBook'),
(120, 'The Fault in Our Stars',	'John Green', 'Romance', 21.83,	2012, 'Hardcover'),
(121, 'Iron Flame (The Empyrean, #2)',	'Rebecca Yarros', 'Romantasy', 10.89, 2023,	'Hardcover'),
(122, 'The Invisible Life of Addie LaRue', 'V.E. Schwab',	'Fantasy',	13.05,	2020, 'Hardcover'),
(123, 'Fourth Wing (The Empyrean, #1)',	'Rebecca Yarros', 'Romantasy',	21.19,	2023, 'Hardcover'),
(124, 'The Song of Achilles', 'Madeline Miller', 'Fantasy', 11.79,	2012, 'Paperback'),
(125, 'It Happened One Summer (Bellinger Sisters, #1)',	'Tessa Bailey',	'Romance', 	22.86,	2021, 'Paperback'),
(126, 'The Kiss Quotient (The Kiss Quotient, #1)',	'Helen Hoang',	'Romance', 	28.97,	2018, 'Paperback'),
(127, 'The Unhoneymooners (Unhoneymooners, #1)', 'Christina Lauren', 'Romance', 25.92, 2019, 'Paperback'),
(128, 'Book Lovers', 'Emily Henry',	'Romance',	28.14,	2022, 'Paperback'),
(129, 'Red, White & Royal Blue', 'Casey McQuiston',	'Romance',	20.52,	2019, 'Paperback');

INSERT INTO Customers (Customer_ID, First_Name, Last_Name, Email, Phone_Number, Age, Gender, State) VALUES
(1,	'Kathleen',	'Adams', 'kathleenadams44@gmail.com',	'472-752-4972',	48,	'Female', 'VT'),
(2,	'Marcia',	'Sanchez',	'marciasanchez20@gmail.com', '651-424-4676', 53, 'Female', 'UT'),
(3,	'John',	'Waller',	'johnwaller29@gmail.com', '455-945-2613', 38,	'Male',	'MN'),
(4,	'Bradley',	'Stewart', 'bradleystewart34@gmail.com', '170-985-6389', 75, 'Male',	'RI'),
(5,	'Megan', 'Miller', 'meganmiller91@gmail.com', '191-165-6476',	59,	'Female',	'VT'),
(6,	'Brittany',	'Bryan', 'brittanybryan10@gmail.com',	'332-445-5361',	62,	'Female',	'NV'),
(7,	'William',	'Flores',	'williamflores35@gmail.com',	'553-377-8536',	35,	'Male',	'FL'),
(8,	'Colin', 'Compton',	'colincompton78@gmail.com',	'692-225-7746',	57,	'Male',	'UT'),
(9,	'Gary',	'Munoz', 'garymunoz90@gmail.com', '906-656-9128',	74,	'Male',	'NV'),
(10, 'Lawrence', 'Reid',	'lawrencereid73@gmail.com',	'684-946-9463',	23,	'Male',	'MD'),
(11, 'Suzanne',	'Rivers',	'suzannerivers76@gmail.com',	'253-106-6871',	75,	'Female', 'AL'),
(12, 'Melissa',	'Summers',	'melissasummers70@gmail.com',	'909-970-9823',	28,	'Female', 'IA'),
(13, 'Riley',	'Day',	'rileyday27@gmail.com',	'362-485-5026',	20,	'Male',	'MI'),
(14, 'Jeffrey',	'Perez',	'jeffreyperez20@gmail.com',	'763-342-5293',	44,	'Male',	'ND'),
(15, 'Deborah',	'Conrad',	'deborahconrad83@gmail.com', '528-886-7402', 23, 'Female', 'NM'),
(16, 'Melissa',	'Rodriguez', 'melissarodriguez25@gmail.com', '471-152-1314',	46,	'Female', 'CA'),
(17, 'Thomas',	'Nelson',	'thomasnelson49@gmail.com',	'424-975-6681',	59,	'Male',	'OH'),
(18, 'Melissa',	'Stevens',	'melissastevens21@gmail.com',	'408-263-8041',	77,	'Female', 'IL'),
(19, 'Derrick',	'Clark',	'derrickclark94@gmail.com',	'190-111-3615',	21,	'Male',	'FL'),
(20, 'Kent', 'Jenkins',	'kentjenkins13@gmail.com',	'418-802-6824',	29,	'Male',	'AK'),
(21, 'Marcus', 'Dominguez',	'marcusdominguez40@gmail.com',	'693-824-6045',	55,	'Male',	'VT'),
(22, 'Robert', 'Castaneda', 'robertcastaneda29@gmail.com',	'605-513-8079',	52,	'Male',	'MN'),
(23, 'Mario', 'Burch', 'marioburch38@gmail.com', '975-127-9560', 36, 'Male', 'RI'),
(24, 'Kathleen', 'Clay', 'kathleenclay58@gmail.com', '433-145-3381', 71, 'Female', 'OH'),
(25, 'Robin',	'Roth',	'robinroth46@gmail.com', '229-926-2866', 72, 'Female',	'MA'),
(26, 'Beth', 'Hudson',	'bethhudson42@gmail.com', '626-658-3009',	53,	'Female',	'CT'),
(27, 'Jose', 'Davis', 'josedavis13@gmail.com', '209-407-8941',	34,	'Male',	'NJ'),
(28, 'Holly', 'Black', 'hollyblack95@gmail.com', '726-354-5324', 54, 'Female',	'IA'),
(29, 'Adam', 'Smith',	'adamsmith41@gmail.com', '405-353-1807', 49, 'Male',	'OK'),
(30, 'Kevin',	'Jenkins', 'kevinjenkins40@gmail.com',	'217-812-5530',	42,	'Male',	'WA'),
(31, 'William',	'Jefferson', 'williamjefferson46@gmail.com', '674-202-3576', 45, 'Male', 'TX'),
(32, 'Ronald', 'Lang', 'ronaldlang72@gmail.com', '500-875-9897', 51, 'Male', 'AR'),
(33, 'Courtney', 'Swanson',	'courtneyswanson73@gmail.com',	'220-261-3749',	39,	'Female', 'WY'),
(34, 'Brent',	'Taylor',	'brenttaylor13@gmail.com',	'336-296-9065',	63,	'Male',	'ME'),
(35, 'Jamie',	'Sanchez',	'jamiesanchez91@gmail.com',	'755-648-2893',	75,	'Female',	'IN'),
(36, 'Andrew',	'Holmes', 'andrewholmes55@gmail.com', '130-299-2431', 27, 'Male', 'IA'),
(37, 'Vincent',	'Miller', 'vincentmiller66@gmail.com',	'223-363-9165',	28,	'Male',	'IN'),
(38, 'Cynthia',	'House', 'cynthiahouse59@gmail.com',	'732-158-2691',	75,	'Female', 'CO'),
(39, 'Kelsey',	'Marshall',	'kelseymarshall61@gmail.com',	'739-965-1391',	42,	'Female', 'AZ'),
(40, 'Jennifer', 'Nicholson', 'jennifernicholson86@gmail.com', '420-533-2923', 48, 'Female', 'ND'),
(41, 'Julie',	'Powell',	'juliepowell41@gmail.com',	'566-741-9999',	73,	'Female', 'ND'),
(42, 'Jack', 'Rowe', 'jackrowe25@gmail.com',	'348-780-3552',	18,	'Male',	'OH'),
(43, 'Alicia',	'Wallace',	'aliciawallace47@gmail.com', '927-406-9674',	54,	'Female',	'TX'),
(44, 'Margaret', 'Smith', 'margaretsmith81@gmail.com', '719-486-9655',	55,	'Female',	'GA'),
(45, 'Evan', 'Reed', 'evanreed14@gmail.com',	'642-322-7452',	35,	'Male',	'MO'),
(46, 'Maria', 'Stone',	'mariastone96@gmail.com', '481-446-6093',	37,	'Female', 'MN'),
(47, 'Kathleen', 'Turner',	'kathleenturner29@gmail.com',	'982-209-2155',	60,	'Female', 'WV'),
(48, 'Jessica',	'House', 'jessicahouse79@gmail.com', '751-540-7687', 52,	'Female',	'NM'),
(49, 'Brian',	'Miller', 'brianmiller64@gmail.com', '315-245-6006', 59,	'Male',	'NJ'),
(50, 'Caitlin',	'Williams',	'caitlinwilliams14@gmail.com', '441-351-3602',	51,	'Female', 'KS');



INSERT INTO Purchases (Purchase_ID, Customer_ID, Book_ID, Quantity, Purchased_Date, Total_Amount) VALUES
(1,	23,	1,	3, '2025-01-26', 36.54),
(2,	24,	64,	1, '2025-02-25', 19.44),
(3,	33,	103, 3,	'2025-05-13', 19.86),
(4,	44,	110, 2,	'2025-06-22', 24.3),
(5,	34,	88,	2, '2025-01-03', 13.96),
(6,	19,	115, 3,	'2025-04-01', 29.37),
(7,	42,	50,	1,	'2025-02-13', 26.43),
(8,	37,	110, 3,	'2025-06-11', 36.45),
(9,	26,	118, 3,	'2025-06-29', 37.23),
(10, 22, 72, 2,	'2025-05-06', 18.74),
(11, 38, 110, 3, '2025-01-05', 36.45),
(12, 4,	105, 2,	'2025-03-30', 44.5),
(13, 44, 63, 1,	'2025-03-19', 10.4),
(14, 3,	90,	3,	'2025-04-08', 62.94),
(15, 41, 117, 1, '2025-02-10', 14.65),
(16, 23, 123, 1, '2025-01-05', 20.43),
(17, 18, 105, 2, '2025-04-19', 44.5),
(18, 17, 52	,1,	'2025-05-29', 13.6),
(19, 20, 23, 3,	'2025-03-02', 33.18),
(20, 22, 19, 3,	'2025-03-10', 34.41),
(21, 24, 94, 1,	'2025-01-09', 9.17),
(22, 24, 19, 1,	'2025-04-06', 11.47),
(23, 29, 17, 3,	'2025-05-27', 69.99),
(24, 19, 102, 3, '2025-03-28', 82.05),
(25, 8,	33,	2, '2025-01-23', 13.44),
(26, 44, 108, 1, '2025-01-21', 16.31),
(27, 35, 35, 1,	'2025-06-03', 16.34),
(28, 19, 5,	3, '2025-05-09', 83.97),
(29, 4,	65,	2, '2025-02-15', 57.32),
(30, 49, 109, 3, '2025-04-03', 25.65),
(31, 29, 59, 1,	'2025-01-23', 23.28),
(32, 12, 58, 2,	'2025-04-11', 40.08),
(33, 17, 92, 2,	'2025-01-06', 36.44),
(34, 47, 59, 3,	'2025-02-24', 69.84),
(35, 30, 128, 2, '2025-03-29', 30.46),
(36, 15, 119, 3, '2025-03-25', 88.11),
(37, 44, 72, 2,	'2025-02-23', 18.74),
(38, 37, 90, 3,	'2025-04-30', 62.94),
(39, 16, 47, 3,	'2025-02-14', 30.87),
(40, 31, 72, 3,	'2025-05-21', 28.11),
(41, 36, 57, 1,	'2025-05-30', 23.44),
(42, 50, 37, 3,	'2025-04-14', 57.42),
(43, 24, 25, 2,	'2025-06-22', 58.56),
(44, 7, 102, 3,	'2025-02-14', 82.05),
(45, 26, 64, 2,	'2025-06-25', 38.88),
(46, 8,	81,	1, '2025-01-09', 13.57),
(47, 23, 128, 1, '2025-04-12', 15.23),
(48, 11, 3,	3, '2025-02-03', 78.66),
(49, 3,	64,	1, '2025-01-21', 19.44),
(50, 47, 22, 3,	'2025-02-19', 18.84);
